<?xml version="1.0" encoding="UTF-8"?>
<manifest identifier="gd55f90eef29444db3b1b6af19fd53395" xmlns="http://www.imsglobal.org/xsd/imsccv1p1/imscp_v1p1" xmlns:lom="http://ltsc.ieee.org/xsd/imsccv1p1/LOM/resource" xmlns:imsmd="http://www.imsglobal.org/xsd/imsmd_v1p2" xmlns:xsi="http://www.w3.org/2001/XMLSchema-instance" xsi:schemaLocation="http://www.imsglobal.org/xsd/imsccv1p1/imscp_v1p1 http://www.imsglobal.org/xsd/imscp_v1p1.xsd http://ltsc.ieee.org/xsd/imsccv1p1/LOM/resource http://www.imsglobal.org/profile/cc/ccv1p1/LOM/ccv1p1_lomresource_v1p0.xsd http://www.imsglobal.org/xsd/imsmd_v1p2 http://www.imsglobal.org/xsd/imsmd_v1p2p2.xsd">
  <metadata>
    <schema>IMS Content</schema>
    <schemaversion>1.1.3</schemaversion>
    <imsmd:lom>
      <imsmd:general>
        <imsmd:title>
          <imsmd:string>QTI Quiz Export for course "AST 113: Astronomy Laboratory I (2019 Fall)"</imsmd:string>
        </imsmd:title>
      </imsmd:general>
      <imsmd:lifeCycle>
        <imsmd:contribute>
          <imsmd:date>
            <imsmd:dateTime>2019-11-30</imsmd:dateTime>
          </imsmd:date>
        </imsmd:contribute>
      </imsmd:lifeCycle>
      <imsmd:rights>
        <imsmd:copyrightAndOtherRestrictions>
          <imsmd:value>yes</imsmd:value>
        </imsmd:copyrightAndOtherRestrictions>
        <imsmd:description>
          <imsmd:string>Private (Copyrighted) - http://en.wikipedia.org/wiki/Copyright</imsmd:string>
        </imsmd:description>
      </imsmd:rights>
    </imsmd:lom>
  </metadata>
  <organizations/>
  <resources>
    <resource identifier="g650fe28aaecb2535ae76d29d0283374c" type="imsqti_xmlv1p2">
      <file href="g650fe28aaecb2535ae76d29d0283374c/g650fe28aaecb2535ae76d29d0283374c.xml"/>
      <dependency identifierref="gdf7d2a1f97d75a7e056b30288a04c5a2"/>
    </resource>
    <resource identifier="gdf7d2a1f97d75a7e056b30288a04c5a2" type="associatedcontent/imscc_xmlv1p1/learning-application-resource" href="g650fe28aaecb2535ae76d29d0283374c/assessment_meta.xml">
      <file href="g650fe28aaecb2535ae76d29d0283374c/assessment_meta.xml"/>
    </resource>
    <resource identifier="g94747139ef5343c0adb4de1d1fdb31d3" type="imsqti_xmlv1p2">
      <file href="g94747139ef5343c0adb4de1d1fdb31d3/g94747139ef5343c0adb4de1d1fdb31d3.xml"/>
      <dependency identifierref="g0e0abe0b72e677a67523ec294d566737"/>
    </resource>
    <resource identifier="g0e0abe0b72e677a67523ec294d566737" type="associatedcontent/imscc_xmlv1p1/learning-application-resource" href="g94747139ef5343c0adb4de1d1fdb31d3/assessment_meta.xml">
      <file href="g94747139ef5343c0adb4de1d1fdb31d3/assessment_meta.xml"/>
    </resource>
  </resources>
</manifest>
