<?xml version="1.0" encoding="UTF-8"?>
<quiz identifier="g94747139ef5343c0adb4de1d1fdb31d3" xmlns="http://canvas.instructure.com/xsd/cccv1p0" xmlns:xsi="http://www.w3.org/2001/XMLSchema-instance" xsi:schemaLocation="http://canvas.instructure.com/xsd/cccv1p0 https://canvas.instructure.com/xsd/cccv1p0.xsd">
  <title>Quiz: Launching into Orbit</title>
  <description>&lt;p&gt;This is the quiz for the Launching into Orbit lab. The due date is &lt;strong&gt;December 4th 11:59pm&lt;/strong&gt;. You will have &lt;strong&gt;30 minutes&lt;/strong&gt; to complete the quiz. &lt;/p&gt;
&lt;p&gt;You can use the information from the lab script (look at online PDF). You are &lt;strong&gt;NOT ALLOWED TO USE THE INTERNET&lt;/strong&gt; or ask for assistance from anyone else. If you run into a problem while taking this quiz, please let me know.&lt;/p&gt;
&lt;p&gt;If you get an answer marked incorrect and you think it is right, then please ask me about it during class (ask me anyway if you're confused). It is not unusual to have Canvas mark a perfectly correct answer as incorrect.&lt;/p&gt;</description>
  <lock_at>2019-12-05T06:59:59</lock_at>
  <unlock_at>2019-12-04T03:00:00</unlock_at>
  <due_at>2019-12-05T06:59:59</due_at>
  <shuffle_answers>false</shuffle_answers>
  <scoring_policy>keep_highest</scoring_policy>
  <hide_results></hide_results>
  <quiz_type>assignment</quiz_type>
  <points_possible>30.0</points_possible>
  <require_lockdown_browser>false</require_lockdown_browser>
  <require_lockdown_browser_for_results>false</require_lockdown_browser_for_results>
  <require_lockdown_browser_monitor>false</require_lockdown_browser_monitor>
  <lockdown_browser_monitor_data/>
  <show_correct_answers>true</show_correct_answers>
  <anonymous_submissions>false</anonymous_submissions>
  <could_be_locked>false</could_be_locked>
  <time_limit>30</time_limit>
  <allowed_attempts>1</allowed_attempts>
  <one_question_at_a_time>false</one_question_at_a_time>
  <cant_go_back>false</cant_go_back>
  <available>false</available>
  <one_time_results>false</one_time_results>
  <show_correct_answers_last_attempt>false</show_correct_answers_last_attempt>
  <only_visible_to_overrides>false</only_visible_to_overrides>
  <module_locked>false</module_locked>
  <assignment identifier="ga206362fa5e38f4a2d9c0430973a1164">
    <title>Quiz: Launching into Orbit</title>
    <due_at>2019-12-05T06:59:59</due_at>
    <lock_at>2019-12-05T06:59:59</lock_at>
    <unlock_at>2019-12-04T03:00:00</unlock_at>
    <module_locked>false</module_locked>
    <all_day_date>2019-12-04</all_day_date>
    <workflow_state>unpublished</workflow_state>
    <assignment_overrides>
    </assignment_overrides>
    <quiz_identifierref>g94747139ef5343c0adb4de1d1fdb31d3</quiz_identifierref>
    <allowed_extensions></allowed_extensions>
    <has_group_category>false</has_group_category>
    <points_possible>30.0</points_possible>
    <grading_type>points</grading_type>
    <all_day>true</all_day>
    <submission_types>online_quiz</submission_types>
    <position>14</position>
    <turnitin_enabled>false</turnitin_enabled>
    <vericite_enabled>false</vericite_enabled>
    <peer_review_count>0</peer_review_count>
    <peer_reviews>false</peer_reviews>
    <automatic_peer_reviews>false</automatic_peer_reviews>
    <anonymous_peer_reviews>false</anonymous_peer_reviews>
    <grade_group_students_individually>false</grade_group_students_individually>
    <freeze_on_copy>false</freeze_on_copy>
    <omit_from_final_grade>false</omit_from_final_grade>
    <intra_group_peer_reviews>false</intra_group_peer_reviews>
    <only_visible_to_overrides>false</only_visible_to_overrides>
    <post_to_sis>false</post_to_sis>
    <moderated_grading>false</moderated_grading>
    <grader_count>0</grader_count>
    <grader_comments_visible_to_graders>true</grader_comments_visible_to_graders>
    <anonymous_grading>false</anonymous_grading>
    <graders_anonymous_to_graders>false</graders_anonymous_to_graders>
    <grader_names_visible_to_final_grader>true</grader_names_visible_to_final_grader>
    <anonymous_instructor_annotations>false</anonymous_instructor_annotations>
    <post_policy>
      <post_manually>false</post_manually>
    </post_policy>
  </assignment>
  <assignment_group_identifierref>g89b11a343035bbfad2afce8610217fe4</assignment_group_identifierref>
  <assignment_overrides>
  </assignment_overrides>
</quiz>
