<?xml version="1.0" encoding="UTF-8"?>
<questestinterop xmlns="http://www.imsglobal.org/xsd/ims_qtiasiv1p2" xmlns:xsi="http://www.w3.org/2001/XMLSchema-instance" xsi:schemaLocation="http://www.imsglobal.org/xsd/ims_qtiasiv1p2 http://www.imsglobal.org/xsd/ims_qtiasiv1p2p1.xsd">
  <assessment ident="g94747139ef5343c0adb4de1d1fdb31d3" title="Quiz: Launching into Orbit">
    <qtimetadata>
      <qtimetadatafield>
        <fieldlabel>qmd_timelimit</fieldlabel>
        <fieldentry>30</fieldentry>
      </qtimetadatafield>
      <qtimetadatafield>
        <fieldlabel>cc_maxattempts</fieldlabel>
        <fieldentry>1</fieldentry>
      </qtimetadatafield>
    </qtimetadata>
    <section ident="root_section">
      <item ident="g7e3d7cd43345b04384b41a09878b71fd" title="Question">
        <itemmetadata>
          <qtimetadata>
            <qtimetadatafield>
              <fieldlabel>question_type</fieldlabel>
              <fieldentry>multiple_choice_question</fieldentry>
            </qtimetadatafield>
            <qtimetadatafield>
              <fieldlabel>points_possible</fieldlabel>
              <fieldentry>4.0</fieldentry>
            </qtimetadatafield>
            <qtimetadatafield>
              <fieldlabel>original_answer_ids</fieldlabel>
              <fieldentry>9884,1416,9715,1146</fieldentry>
            </qtimetadatafield>
            <qtimetadatafield>
              <fieldlabel>assessment_question_identifierref</fieldlabel>
              <fieldentry>g57218cc2fa909b5f0f9e67ec180a0641</fieldentry>
            </qtimetadatafield>
          </qtimetadata>
        </itemmetadata>
        <presentation>
          <material>
            <mattext texttype="text/html">&lt;div&gt;&lt;p&gt;As you increase the target altitude (h), how does the required orbital &lt;img class="equation_image" title="\Delta v" src="https://canvas.asu.edu/equation_images/%255CDelta%2520v" alt="LaTeX: \Delta v" data-equation-content="\Delta v"&gt; change?&lt;/p&gt;&lt;/div&gt;</mattext>
          </material>
          <response_lid ident="response1" rcardinality="Single">
            <render_choice>
              <response_label ident="9884">
                <material>
                  <mattext texttype="text/html">&lt;p&gt;Orbital &lt;img class="equation_image" title="\Delta v" src="https://canvas.asu.edu/equation_images/%255CDelta%2520v" alt="LaTeX: \Delta v" data-equation-content="\Delta v"&gt;&lt;span class="hidden-readable"&gt;&lt;math xmlns="http://www.w3.org/1998/Math/MathML"&gt;
  &lt;mi mathvariant="normal"&gt;Δ&lt;/mi&gt;
  &lt;mi&gt;v&lt;/mi&gt;
&lt;/math&gt;&lt;/span&gt; increases&lt;/p&gt;</mattext>
                </material>
              </response_label>
              <response_label ident="1416">
                <material>
                  <mattext texttype="text/html">&lt;p&gt;Orbital &lt;img class="equation_image" title="\Delta v" src="https://canvas.asu.edu/equation_images/%255CDelta%2520v" alt="LaTeX: \Delta v" data-equation-content="\Delta v"&gt;&lt;span class="hidden-readable"&gt;&lt;math xmlns="http://www.w3.org/1998/Math/MathML"&gt;
  &lt;mi mathvariant="normal"&gt;Δ&lt;/mi&gt;
  &lt;mi&gt;v&lt;/mi&gt;
&lt;/math&gt;&lt;/span&gt; decreases&lt;/p&gt;</mattext>
                </material>
              </response_label>
              <response_label ident="9715">
                <material>
                  <mattext texttype="text/html">&lt;p&gt;Orbital &lt;img class="equation_image" title="\Delta v" src="https://canvas.asu.edu/equation_images/%255CDelta%2520v" alt="LaTeX: \Delta v" data-equation-content="\Delta v"&gt;&lt;span class="hidden-readable"&gt;&lt;math xmlns="http://www.w3.org/1998/Math/MathML"&gt;
  &lt;mi mathvariant="normal"&gt;Δ&lt;/mi&gt;
  &lt;mi&gt;v&lt;/mi&gt;
&lt;/math&gt;&lt;/span&gt; stays the same&lt;/p&gt;</mattext>
                </material>
              </response_label>
              <response_label ident="1146">
                <material>
                  <mattext texttype="text/html">&lt;p&gt;Orbital &lt;img class="equation_image" title="\Delta v" src="https://canvas.asu.edu/equation_images/%255CDelta%2520v" alt="LaTeX: \Delta v" data-equation-content="\Delta v"&gt;&lt;span class="hidden-readable"&gt;&lt;math xmlns="http://www.w3.org/1998/Math/MathML"&gt;
  &lt;mi mathvariant="normal"&gt;Δ&lt;/mi&gt;
  &lt;mi&gt;v&lt;/mi&gt;
&lt;/math&gt;&lt;/span&gt; doesn't depend on altitude&lt;/p&gt;</mattext>
                </material>
              </response_label>
            </render_choice>
          </response_lid>
        </presentation>
        <resprocessing>
          <outcomes>
            <decvar maxvalue="100" minvalue="0" varname="SCORE" vartype="Decimal"/>
          </outcomes>
          <respcondition continue="No">
            <conditionvar>
              <varequal respident="response1">9884</varequal>
            </conditionvar>
            <setvar action="Set" varname="SCORE">100</setvar>
          </respcondition>
        </resprocessing>
      </item>
      <item ident="ga8695fcb47c5091b3fbad28dc315b1ed" title="Question">
        <itemmetadata>
          <qtimetadata>
            <qtimetadatafield>
              <fieldlabel>question_type</fieldlabel>
              <fieldentry>multiple_choice_question</fieldentry>
            </qtimetadatafield>
            <qtimetadatafield>
              <fieldlabel>points_possible</fieldlabel>
              <fieldentry>4.0</fieldentry>
            </qtimetadatafield>
            <qtimetadatafield>
              <fieldlabel>original_answer_ids</fieldlabel>
              <fieldentry>7842,9990,428,6825</fieldentry>
            </qtimetadatafield>
            <qtimetadatafield>
              <fieldlabel>assessment_question_identifierref</fieldlabel>
              <fieldentry>g4e2d5ac0f509945ff4985ffebe649c65</fieldentry>
            </qtimetadatafield>
          </qtimetadata>
        </itemmetadata>
        <presentation>
          <material>
            <mattext texttype="text/html">&lt;div&gt;&lt;p&gt;As you increase the payload a rocket is carrying into orbit, how does this rocket's maximum &lt;img class="equation_image" title="\Delta v" src="https://canvas.asu.edu/equation_images/%255CDelta%2520v" alt="LaTeX: \Delta v" data-equation-content="\Delta v"&gt; change?&lt;/p&gt;&lt;/div&gt;</mattext>
          </material>
          <response_lid ident="response1" rcardinality="Single">
            <render_choice>
              <response_label ident="7842">
                <material>
                  <mattext texttype="text/html">&lt;p&gt;Rocket &lt;img class="equation_image" title="\Delta v" src="https://canvas.asu.edu/equation_images/%255CDelta%2520v" alt="LaTeX: \Delta v" data-equation-content="\Delta v"&gt;&lt;span class="hidden-readable"&gt;&lt;math xmlns="http://www.w3.org/1998/Math/MathML"&gt;
  &lt;mi mathvariant="normal"&gt;Δ&lt;/mi&gt;
  &lt;mi&gt;v&lt;/mi&gt;
&lt;/math&gt;&lt;/span&gt; decreases&lt;/p&gt;</mattext>
                </material>
              </response_label>
              <response_label ident="9990">
                <material>
                  <mattext texttype="text/html">&lt;p&gt;Rocket&lt;img class="equation_image" title="\Delta v" src="https://canvas.asu.edu/equation_images/%255CDelta%2520v" alt="LaTeX: \Delta v" data-equation-content="\Delta v"&gt;&lt;span class="hidden-readable"&gt;&lt;math xmlns="http://www.w3.org/1998/Math/MathML"&gt;
  &lt;mi mathvariant="normal"&gt;Δ&lt;/mi&gt;
  &lt;mi&gt;v&lt;/mi&gt;
&lt;/math&gt;&lt;/span&gt; increases&lt;/p&gt;</mattext>
                </material>
              </response_label>
              <response_label ident="428">
                <material>
                  <mattext texttype="text/html">&lt;p&gt;Rocket&lt;img class="equation_image" title="\Delta v" src="https://canvas.asu.edu/equation_images/%255CDelta%2520v" alt="LaTeX: \Delta v" data-equation-content="\Delta v"&gt;&lt;span class="hidden-readable"&gt;&lt;math xmlns="http://www.w3.org/1998/Math/MathML"&gt;
  &lt;mi mathvariant="normal"&gt;Δ&lt;/mi&gt;
  &lt;mi&gt;v&lt;/mi&gt;
&lt;/math&gt;&lt;/span&gt; stays the same&lt;/p&gt;</mattext>
                </material>
              </response_label>
              <response_label ident="6825">
                <material>
                  <mattext texttype="text/html">&lt;p&gt;Rocket &lt;img class="equation_image" title="\Delta v" src="https://canvas.asu.edu/equation_images/%255CDelta%2520v" alt="LaTeX: \Delta v" data-equation-content="\Delta v"&gt;&lt;span class="hidden-readable"&gt;&lt;math xmlns="http://www.w3.org/1998/Math/MathML"&gt;
  &lt;mi mathvariant="normal"&gt;Δ&lt;/mi&gt;
  &lt;mi&gt;v&lt;/mi&gt;
&lt;/math&gt;&lt;/span&gt; doesn't depend on payload&lt;/p&gt;</mattext>
                </material>
              </response_label>
            </render_choice>
          </response_lid>
        </presentation>
        <resprocessing>
          <outcomes>
            <decvar maxvalue="100" minvalue="0" varname="SCORE" vartype="Decimal"/>
          </outcomes>
          <respcondition continue="No">
            <conditionvar>
              <varequal respident="response1">7842</varequal>
            </conditionvar>
            <setvar action="Set" varname="SCORE">100</setvar>
          </respcondition>
        </resprocessing>
      </item>
      <item ident="g45cfdccc7af1e3f6d5e5d88053d3ac84" title="Question">
        <itemmetadata>
          <qtimetadata>
            <qtimetadatafield>
              <fieldlabel>question_type</fieldlabel>
              <fieldentry>multiple_choice_question</fieldentry>
            </qtimetadatafield>
            <qtimetadatafield>
              <fieldlabel>points_possible</fieldlabel>
              <fieldentry>4.0</fieldentry>
            </qtimetadatafield>
            <qtimetadatafield>
              <fieldlabel>original_answer_ids</fieldlabel>
              <fieldentry>5835,1490,6695,8949</fieldentry>
            </qtimetadatafield>
            <qtimetadatafield>
              <fieldlabel>assessment_question_identifierref</fieldlabel>
              <fieldentry>ga19e56e1d420c0e13dfc69e7c06d4bfe</fieldentry>
            </qtimetadatafield>
          </qtimetadata>
        </itemmetadata>
        <presentation>
          <material>
            <mattext texttype="text/html">&lt;div&gt;&lt;p&gt;What was the Space Shuttle designed to work in:&lt;/p&gt;&lt;/div&gt;</mattext>
          </material>
          <response_lid ident="response1" rcardinality="Single">
            <render_choice>
              <response_label ident="5835">
                <material>
                  <mattext texttype="text/plain">Low-Earth Orbits</mattext>
                </material>
              </response_label>
              <response_label ident="1490">
                <material>
                  <mattext texttype="text/plain">High-Earth Orbits</mattext>
                </material>
              </response_label>
              <response_label ident="6695">
                <material>
                  <mattext texttype="text/plain"></mattext>
                </material>
              </response_label>
              <response_label ident="8949">
                <material>
                  <mattext texttype="text/plain"></mattext>
                </material>
              </response_label>
            </render_choice>
          </response_lid>
        </presentation>
        <resprocessing>
          <outcomes>
            <decvar maxvalue="100" minvalue="0" varname="SCORE" vartype="Decimal"/>
          </outcomes>
          <respcondition continue="No">
            <conditionvar>
              <varequal respident="response1">5835</varequal>
            </conditionvar>
            <setvar action="Set" varname="SCORE">100</setvar>
          </respcondition>
        </resprocessing>
      </item>
      <item ident="ge506e043fb779ea946ec365fdc38c2b4" title="Question">
        <itemmetadata>
          <qtimetadata>
            <qtimetadatafield>
              <fieldlabel>question_type</fieldlabel>
              <fieldentry>essay_question</fieldentry>
            </qtimetadatafield>
            <qtimetadatafield>
              <fieldlabel>points_possible</fieldlabel>
              <fieldentry>8.0</fieldentry>
            </qtimetadatafield>
            <qtimetadatafield>
              <fieldlabel>original_answer_ids</fieldlabel>
              <fieldentry></fieldentry>
            </qtimetadatafield>
            <qtimetadatafield>
              <fieldlabel>assessment_question_identifierref</fieldlabel>
              <fieldentry>gdc5ea2531e3ce7d5a16301ce426aef4a</fieldentry>
            </qtimetadatafield>
          </qtimetadata>
        </itemmetadata>
        <presentation>
          <material>
            <mattext texttype="text/html">&lt;div&gt;&lt;p&gt;Why do we design and build unmanned rockets like the Atlas V?&lt;/p&gt;&lt;/div&gt;</mattext>
          </material>
          <response_str ident="response1" rcardinality="Single">
            <render_fib>
              <response_label ident="answer1" rshuffle="No"/>
            </render_fib>
          </response_str>
        </presentation>
        <resprocessing>
          <outcomes>
            <decvar maxvalue="100" minvalue="0" varname="SCORE" vartype="Decimal"/>
          </outcomes>
          <respcondition continue="No">
            <conditionvar>
              <other/>
            </conditionvar>
          </respcondition>
        </resprocessing>
      </item>
      <item ident="g821675e6e20209c2d3edc8a978c71584" title="Question">
        <itemmetadata>
          <qtimetadata>
            <qtimetadatafield>
              <fieldlabel>question_type</fieldlabel>
              <fieldentry>numerical_question</fieldentry>
            </qtimetadatafield>
            <qtimetadatafield>
              <fieldlabel>points_possible</fieldlabel>
              <fieldentry>6.0</fieldentry>
            </qtimetadatafield>
            <qtimetadatafield>
              <fieldlabel>original_answer_ids</fieldlabel>
              <fieldentry>5440,7012</fieldentry>
            </qtimetadatafield>
            <qtimetadatafield>
              <fieldlabel>assessment_question_identifierref</fieldlabel>
              <fieldentry>g24816fdd849b06c4ee12bd1cbc9122cb</fieldentry>
            </qtimetadatafield>
          </qtimetadata>
        </itemmetadata>
        <presentation>
          <material>
            <mattext texttype="text/html">&lt;div&gt;&lt;p&gt;What is the total orbital &lt;img class="equation_image" title="\Delta v" src="https://canvas.asu.edu/equation_images/%255CDelta%2520v" alt="LaTeX: \Delta v" data-equation-content="\Delta v"&gt; for an orbit with an altitude of 350km? &lt;/p&gt;&lt;/div&gt;</mattext>
          </material>
          <response_str ident="response1" rcardinality="Single">
            <render_fib fibtype="Decimal">
              <response_label ident="answer1"/>
            </render_fib>
          </response_str>
        </presentation>
        <resprocessing>
          <outcomes>
            <decvar maxvalue="100" minvalue="0" varname="SCORE" vartype="Decimal"/>
          </outcomes>
          <respcondition continue="No">
            <conditionvar>
              <or>
                <varequal respident="response1">9.1</varequal>
                <and>
                  <vargte respident="response1">9.0</vargte>
                  <varlte respident="response1">9.2</varlte>
                </and>
              </or>
            </conditionvar>
            <setvar action="Set" varname="SCORE">100</setvar>
          </respcondition>
          <respcondition continue="No">
            <conditionvar>
              <or>
                <varequal respident="response1">0.0</varequal>
                <and>
                  <vargte respident="response1">0.0</vargte>
                  <varlte respident="response1">0.0</varlte>
                </and>
              </or>
            </conditionvar>
            <setvar action="Set" varname="SCORE">100</setvar>
          </respcondition>
        </resprocessing>
      </item>
      <item ident="g0f19c9169bed64c157a2b4299e80a9f0" title="Question">
        <itemmetadata>
          <qtimetadata>
            <qtimetadatafield>
              <fieldlabel>question_type</fieldlabel>
              <fieldentry>multiple_choice_question</fieldentry>
            </qtimetadatafield>
            <qtimetadatafield>
              <fieldlabel>points_possible</fieldlabel>
              <fieldentry>4.0</fieldentry>
            </qtimetadatafield>
            <qtimetadatafield>
              <fieldlabel>original_answer_ids</fieldlabel>
              <fieldentry>2542,3139,9207,584</fieldentry>
            </qtimetadatafield>
            <qtimetadatafield>
              <fieldlabel>assessment_question_identifierref</fieldlabel>
              <fieldentry>g279699044ec8d9ca09d939d705fb6d1b</fieldentry>
            </qtimetadatafield>
          </qtimetadata>
        </itemmetadata>
        <presentation>
          <material>
            <mattext texttype="text/html">&lt;div&gt;&lt;p&gt;Your work in the lab showed that if the Space Shuttle is launching with a payload of 20 tonnes, its total rocket ∆&lt;em&gt;v&lt;/em&gt; is 9.07 km/s.  Based on that fact and your answer to (5), could the Space Shuttle reach an orbital altitude of 350 km with a 20 tonne payload? &lt;/p&gt;&lt;/div&gt;</mattext>
          </material>
          <response_lid ident="response1" rcardinality="Single">
            <render_choice>
              <response_label ident="2542">
                <material>
                  <mattext texttype="text/plain">No</mattext>
                </material>
              </response_label>
              <response_label ident="3139">
                <material>
                  <mattext texttype="text/plain">Yes</mattext>
                </material>
              </response_label>
              <response_label ident="9207">
                <material>
                  <mattext texttype="text/plain"></mattext>
                </material>
              </response_label>
              <response_label ident="584">
                <material>
                  <mattext texttype="text/plain"></mattext>
                </material>
              </response_label>
            </render_choice>
          </response_lid>
        </presentation>
        <resprocessing>
          <outcomes>
            <decvar maxvalue="100" minvalue="0" varname="SCORE" vartype="Decimal"/>
          </outcomes>
          <respcondition continue="No">
            <conditionvar>
              <varequal respident="response1">2542</varequal>
            </conditionvar>
            <setvar action="Set" varname="SCORE">100</setvar>
          </respcondition>
        </resprocessing>
      </item>
    </section>
  </assessment>
</questestinterop>
