<?xml version="1.0" encoding="UTF-8"?>
<quiz identifier="g650fe28aaecb2535ae76d29d0283374c" xmlns="http://canvas.instructure.com/xsd/cccv1p0" xmlns:xsi="http://www.w3.org/2001/XMLSchema-instance" xsi:schemaLocation="http://canvas.instructure.com/xsd/cccv1p0 https://canvas.instructure.com/xsd/cccv1p0.xsd">
  <title>Pre-lab: Launching into Orbit </title>
  <description>&lt;p&gt;Read over your Launching into Orbit lab script before doing this pre-lab. If you come up with any questions, ask me during class.&lt;/p&gt;
&lt;p&gt;This pre-lab should be completed before attending the lab on Launching into Orbit. You will need to use the lab script to complete the pre-lab. This test allows five attempts without any time limit. The due date is &lt;strong&gt;December 3rd, 2019 at 7:30 PM&lt;/strong&gt;.&lt;/p&gt;
&lt;p&gt;If you get an answer marked incorrect and you think it is right, then please ask me about it during class (ask me anyway if you're confused). It is not unusual to have Canvas mark a perfectly correct answer as incorrect.&lt;/p&gt;</description>
  <lock_at>2019-12-04T02:30:00</lock_at>
  <due_at>2019-12-04T02:30:00</due_at>
  <shuffle_answers>false</shuffle_answers>
  <scoring_policy>keep_highest</scoring_policy>
  <hide_results></hide_results>
  <quiz_type>assignment</quiz_type>
  <points_possible>20.0</points_possible>
  <require_lockdown_browser>false</require_lockdown_browser>
  <require_lockdown_browser_for_results>false</require_lockdown_browser_for_results>
  <require_lockdown_browser_monitor>false</require_lockdown_browser_monitor>
  <lockdown_browser_monitor_data/>
  <show_correct_answers>true</show_correct_answers>
  <anonymous_submissions>false</anonymous_submissions>
  <could_be_locked>false</could_be_locked>
  <allowed_attempts>5</allowed_attempts>
  <one_question_at_a_time>false</one_question_at_a_time>
  <cant_go_back>false</cant_go_back>
  <available>false</available>
  <one_time_results>false</one_time_results>
  <show_correct_answers_last_attempt>false</show_correct_answers_last_attempt>
  <only_visible_to_overrides>false</only_visible_to_overrides>
  <module_locked>false</module_locked>
  <assignment identifier="g11d9b0d8aae3611547f00cfee0d6b0f8">
    <title>Pre-lab: Launching into Orbit </title>
    <due_at>2019-12-04T02:30:00</due_at>
    <lock_at>2019-12-04T02:30:00</lock_at>
    <unlock_at/>
    <module_locked>false</module_locked>
    <all_day_date>2019-12-03</all_day_date>
    <workflow_state>unpublished</workflow_state>
    <assignment_overrides>
    </assignment_overrides>
    <quiz_identifierref>g650fe28aaecb2535ae76d29d0283374c</quiz_identifierref>
    <allowed_extensions></allowed_extensions>
    <has_group_category>false</has_group_category>
    <points_possible>20.0</points_possible>
    <grading_type>points</grading_type>
    <all_day>false</all_day>
    <submission_types>online_quiz</submission_types>
    <position>14</position>
    <turnitin_enabled>false</turnitin_enabled>
    <vericite_enabled>false</vericite_enabled>
    <peer_review_count>0</peer_review_count>
    <peer_reviews>false</peer_reviews>
    <automatic_peer_reviews>false</automatic_peer_reviews>
    <anonymous_peer_reviews>false</anonymous_peer_reviews>
    <grade_group_students_individually>false</grade_group_students_individually>
    <freeze_on_copy>false</freeze_on_copy>
    <omit_from_final_grade>false</omit_from_final_grade>
    <intra_group_peer_reviews>false</intra_group_peer_reviews>
    <only_visible_to_overrides>false</only_visible_to_overrides>
    <post_to_sis>false</post_to_sis>
    <moderated_grading>false</moderated_grading>
    <grader_count>0</grader_count>
    <grader_comments_visible_to_graders>true</grader_comments_visible_to_graders>
    <anonymous_grading>false</anonymous_grading>
    <graders_anonymous_to_graders>false</graders_anonymous_to_graders>
    <grader_names_visible_to_final_grader>true</grader_names_visible_to_final_grader>
    <anonymous_instructor_annotations>false</anonymous_instructor_annotations>
    <post_policy>
      <post_manually>false</post_manually>
    </post_policy>
  </assignment>
  <assignment_group_identifierref>g44ed1b7e26e8e03b89f6e7c4e074ee42</assignment_group_identifierref>
  <assignment_overrides>
  </assignment_overrides>
</quiz>
