<?xml version="1.0" encoding="UTF-8"?>
<questestinterop xmlns="http://www.imsglobal.org/xsd/ims_qtiasiv1p2" xmlns:xsi="http://www.w3.org/2001/XMLSchema-instance" xsi:schemaLocation="http://www.imsglobal.org/xsd/ims_qtiasiv1p2 http://www.imsglobal.org/xsd/ims_qtiasiv1p2p1.xsd">
  <assessment ident="g650fe28aaecb2535ae76d29d0283374c" title="Pre-lab: Launching into Orbit ">
    <qtimetadata>
      <qtimetadatafield>
        <fieldlabel>cc_maxattempts</fieldlabel>
        <fieldentry>5</fieldentry>
      </qtimetadatafield>
    </qtimetadata>
    <section ident="root_section">
      <item ident="g9cb98e9ec07d1050863089f41ff5e869" title="Question">
        <itemmetadata>
          <qtimetadata>
            <qtimetadatafield>
              <fieldlabel>question_type</fieldlabel>
              <fieldentry>numerical_question</fieldentry>
            </qtimetadatafield>
            <qtimetadatafield>
              <fieldlabel>points_possible</fieldlabel>
              <fieldentry>5.0</fieldentry>
            </qtimetadatafield>
            <qtimetadatafield>
              <fieldlabel>original_answer_ids</fieldlabel>
              <fieldentry>4239,2870,4181,4529</fieldentry>
            </qtimetadatafield>
            <qtimetadatafield>
              <fieldlabel>assessment_question_identifierref</fieldlabel>
              <fieldentry>g4e89f4931a642686d0005e289f699546</fieldentry>
            </qtimetadatafield>
          </qtimetadata>
        </itemmetadata>
        <presentation>
          <material>
            <mattext texttype="text/html">&lt;div&gt;&lt;p&gt;What is the total orbital ∆&lt;em&gt;v&lt;/em&gt; for an orbit with an altitude of 150 km?&lt;/p&gt;&lt;/div&gt;</mattext>
          </material>
          <response_str ident="response1" rcardinality="Single">
            <render_fib fibtype="Decimal">
              <response_label ident="answer1"/>
            </render_fib>
          </response_str>
        </presentation>
        <resprocessing>
          <outcomes>
            <decvar maxvalue="100" minvalue="0" varname="SCORE" vartype="Decimal"/>
          </outcomes>
          <respcondition continue="No">
            <conditionvar>
              <or>
                <varequal respident="response1">7.8</varequal>
                <and>
                  <vargte respident="response1">7.7</vargte>
                  <varlte respident="response1">7.9</varlte>
                </and>
              </or>
            </conditionvar>
            <setvar action="Set" varname="SCORE">100</setvar>
          </respcondition>
          <respcondition continue="No">
            <conditionvar>
              <or>
                <varequal respident="response1">0.0</varequal>
                <and>
                  <vargte respident="response1">0.0</vargte>
                  <varlte respident="response1">0.0</varlte>
                </and>
              </or>
            </conditionvar>
            <setvar action="Set" varname="SCORE">100</setvar>
          </respcondition>
          <respcondition continue="No">
            <conditionvar>
              <or>
                <varequal respident="response1">0.0</varequal>
                <and>
                  <vargte respident="response1">0.0</vargte>
                  <varlte respident="response1">0.0</varlte>
                </and>
              </or>
            </conditionvar>
            <setvar action="Set" varname="SCORE">100</setvar>
          </respcondition>
          <respcondition continue="No">
            <conditionvar>
              <or>
                <varequal respident="response1">0.0</varequal>
                <and>
                  <vargte respident="response1">0.0</vargte>
                  <varlte respident="response1">0.0</varlte>
                </and>
              </or>
            </conditionvar>
            <setvar action="Set" varname="SCORE">100</setvar>
          </respcondition>
        </resprocessing>
      </item>
      <item ident="gee21a629678e85cf8a7a61da68f28100" title="Question">
        <itemmetadata>
          <qtimetadata>
            <qtimetadatafield>
              <fieldlabel>question_type</fieldlabel>
              <fieldentry>multiple_choice_question</fieldentry>
            </qtimetadatafield>
            <qtimetadatafield>
              <fieldlabel>points_possible</fieldlabel>
              <fieldentry>5.0</fieldentry>
            </qtimetadatafield>
            <qtimetadatafield>
              <fieldlabel>original_answer_ids</fieldlabel>
              <fieldentry>8175,714,6519,7396</fieldentry>
            </qtimetadatafield>
            <qtimetadatafield>
              <fieldlabel>assessment_question_identifierref</fieldlabel>
              <fieldentry>ge2a2315238a801b9db5368ff1706231c</fieldentry>
            </qtimetadatafield>
          </qtimetadata>
        </itemmetadata>
        <presentation>
          <material>
            <mattext texttype="text/html">&lt;div&gt;&lt;p&gt;What is the 5th phase of a Space Shuttle flight?&lt;/p&gt;&lt;/div&gt;</mattext>
          </material>
          <response_lid ident="response1" rcardinality="Single">
            <render_choice>
              <response_label ident="8175">
                <material>
                  <mattext texttype="text/plain">Orbit Insertion</mattext>
                </material>
              </response_label>
              <response_label ident="714">
                <material>
                  <mattext texttype="text/plain">On-Orbit Operations</mattext>
                </material>
              </response_label>
              <response_label ident="6519">
                <material>
                  <mattext texttype="text/plain">ET Separation</mattext>
                </material>
              </response_label>
              <response_label ident="7396">
                <material>
                  <mattext texttype="text/plain">Main Engine Cut Off</mattext>
                </material>
              </response_label>
            </render_choice>
          </response_lid>
        </presentation>
        <resprocessing>
          <outcomes>
            <decvar maxvalue="100" minvalue="0" varname="SCORE" vartype="Decimal"/>
          </outcomes>
          <respcondition continue="No">
            <conditionvar>
              <varequal respident="response1">8175</varequal>
            </conditionvar>
            <setvar action="Set" varname="SCORE">100</setvar>
          </respcondition>
        </resprocessing>
      </item>
      <item ident="g8f98ddecc49cabc3f5a81643bcb706e9" title="Question">
        <itemmetadata>
          <qtimetadata>
            <qtimetadatafield>
              <fieldlabel>question_type</fieldlabel>
              <fieldentry>numerical_question</fieldentry>
            </qtimetadatafield>
            <qtimetadatafield>
              <fieldlabel>points_possible</fieldlabel>
              <fieldentry>5.0</fieldentry>
            </qtimetadatafield>
            <qtimetadatafield>
              <fieldlabel>original_answer_ids</fieldlabel>
              <fieldentry>3202,6358,3425,2897</fieldentry>
            </qtimetadatafield>
            <qtimetadatafield>
              <fieldlabel>assessment_question_identifierref</fieldlabel>
              <fieldentry>g754fefe0b891027b71c43b4cbb422e77</fieldentry>
            </qtimetadatafield>
          </qtimetadata>
        </itemmetadata>
        <presentation>
          <material>
            <mattext texttype="text/html">&lt;div&gt;
&lt;p&gt;What is the escape velocity (V_orbital) for Mars at h = 100km? &lt;/p&gt;
&lt;p&gt;G*M_Mars = &lt;img class="equation_image" title="4.2\:x\:10^4\:" src="https://canvas.asu.edu/equation_images/4.2%255C%253Ax%255C%253A10%255E4%255C%253A" alt="LaTeX: 4.2\:x\:10^4\:" data-equation-content="4.2\:x\:10^4\:"&gt;km^3/s^2&lt;/p&gt;
&lt;p&gt;R_Mars = 3390 km &lt;/p&gt;
&lt;/div&gt;</mattext>
          </material>
          <response_str ident="response1" rcardinality="Single">
            <render_fib fibtype="Decimal">
              <response_label ident="answer1"/>
            </render_fib>
          </response_str>
        </presentation>
        <resprocessing>
          <outcomes>
            <decvar maxvalue="100" minvalue="0" varname="SCORE" vartype="Decimal"/>
          </outcomes>
          <respcondition continue="No">
            <conditionvar>
              <or>
                <varequal respident="response1">3.47</varequal>
                <and>
                  <vargte respident="response1">3.37</vargte>
                  <varlte respident="response1">3.57</varlte>
                </and>
              </or>
            </conditionvar>
            <setvar action="Set" varname="SCORE">100</setvar>
          </respcondition>
          <respcondition continue="No">
            <conditionvar>
              <or>
                <varequal respident="response1">0.0</varequal>
                <and>
                  <vargte respident="response1">0.0</vargte>
                  <varlte respident="response1">0.0</varlte>
                </and>
              </or>
            </conditionvar>
            <setvar action="Set" varname="SCORE">100</setvar>
          </respcondition>
          <respcondition continue="No">
            <conditionvar>
              <or>
                <varequal respident="response1">0.0</varequal>
                <and>
                  <vargte respident="response1">0.0</vargte>
                  <varlte respident="response1">0.0</varlte>
                </and>
              </or>
            </conditionvar>
            <setvar action="Set" varname="SCORE">100</setvar>
          </respcondition>
          <respcondition continue="No">
            <conditionvar>
              <or>
                <varequal respident="response1">0.0</varequal>
                <and>
                  <vargte respident="response1">0.0</vargte>
                  <varlte respident="response1">0.0</varlte>
                </and>
              </or>
            </conditionvar>
            <setvar action="Set" varname="SCORE">100</setvar>
          </respcondition>
        </resprocessing>
      </item>
      <item ident="gceb0ed4946ba3e1f50511efb903513cc" title="Question">
        <itemmetadata>
          <qtimetadata>
            <qtimetadatafield>
              <fieldlabel>question_type</fieldlabel>
              <fieldentry>multiple_choice_question</fieldentry>
            </qtimetadatafield>
            <qtimetadatafield>
              <fieldlabel>points_possible</fieldlabel>
              <fieldentry>5.0</fieldentry>
            </qtimetadatafield>
            <qtimetadatafield>
              <fieldlabel>original_answer_ids</fieldlabel>
              <fieldentry>597,9912,3029,5235</fieldentry>
            </qtimetadatafield>
            <qtimetadatafield>
              <fieldlabel>assessment_question_identifierref</fieldlabel>
              <fieldentry>g3b4d664e1debb7fa80590e83d0a44ba6</fieldentry>
            </qtimetadatafield>
          </qtimetadata>
        </itemmetadata>
        <presentation>
          <material>
            <mattext texttype="text/html">&lt;div&gt;
&lt;p&gt;If you decrease the radius of a planet does the needed orbital velocity to escape the atmosphere decrease or increase? &lt;/p&gt;
&lt;p&gt;Escape the velocity equation: &lt;img class="equation_image" title="v_{esc}=\sqrt{\frac{2GM}{R}}" src="https://canvas.asu.edu/equation_images/v_%257Besc%257D%253D%255Csqrt%257B%255Cfrac%257B2GM%257D%257BR%257D%257D" alt="LaTeX: v_{esc}=\sqrt{\frac{2GM}{R}}" data-equation-content="v_{esc}=\sqrt{\frac{2GM}{R}}"&gt;&lt;/p&gt;
&lt;p&gt;No other variables are changing&lt;/p&gt;
&lt;/div&gt;</mattext>
          </material>
          <response_lid ident="response1" rcardinality="Single">
            <render_choice>
              <response_label ident="597">
                <material>
                  <mattext texttype="text/plain">Increase</mattext>
                </material>
              </response_label>
              <response_label ident="9912">
                <material>
                  <mattext texttype="text/plain">Decrease</mattext>
                </material>
              </response_label>
              <response_label ident="3029">
                <material>
                  <mattext texttype="text/plain"></mattext>
                </material>
              </response_label>
              <response_label ident="5235">
                <material>
                  <mattext texttype="text/plain"></mattext>
                </material>
              </response_label>
            </render_choice>
          </response_lid>
        </presentation>
        <resprocessing>
          <outcomes>
            <decvar maxvalue="100" minvalue="0" varname="SCORE" vartype="Decimal"/>
          </outcomes>
          <respcondition continue="No">
            <conditionvar>
              <varequal respident="response1">597</varequal>
            </conditionvar>
            <setvar action="Set" varname="SCORE">100</setvar>
          </respcondition>
        </resprocessing>
      </item>
    </section>
  </assessment>
</questestinterop>
